INSERT INTO suppliers (supplier_name, supplier_category_id, supplier_status_id) VALUES ('АвтоЗвук', 1, 1);
INSERT INTO suppliers (supplier_name, supplier_category_id, supplier_status_id) VALUES ('Автобудинок', 2, 1);
INSERT INTO suppliers (supplier_name, supplier_category_id, supplier_status_id) VALUES ('Мустанг', 3, 1);
INSERT INTO suppliers (supplier_name, supplier_category_id, supplier_status_id) VALUES ('Елітавто', 4, 1);
INSERT INTO suppliers (supplier_name, supplier_category_id, supplier_status_id) VALUES ('Авто світ', 1, 1);
INSERT INTO suppliers (supplier_name, supplier_category_id, supplier_status_id) VALUES ('Автошара', 2, 1);
INSERT INTO suppliers (supplier_name, supplier_category_id, supplier_status_id) VALUES ('Сінта-Трейд', 3, 1);
INSERT INTO suppliers (supplier_name, supplier_category_id, supplier_status_id) VALUES ('АвтоАптека', 4, 1);
INSERT INTO suppliers (supplier_name, supplier_category_id, supplier_status_id) VALUES ('Арсенал', 1, 1);
INSERT INTO suppliers (supplier_name, supplier_category_id, supplier_status_id) VALUES ('ШипШина', 2, 1);
INSERT INTO suppliers (supplier_name, supplier_category_id, supplier_status_id) VALUES ('Редмоторс', 3, 1);
INSERT INTO suppliers (supplier_name, supplier_category_id, supplier_status_id) VALUES ('Віанор', 4, 1);
INSERT INTO suppliers (supplier_name, supplier_category_id, supplier_status_id) VALUES ('АвтоСпа', 1, 1);
INSERT INTO suppliers (supplier_name, supplier_category_id, supplier_status_id) VALUES ('Новатон', 2, 1);
INSERT INTO suppliers (supplier_name, supplier_category_id, supplier_status_id) VALUES ('Кренель', 3, 1);
INSERT INTO suppliers (supplier_name, supplier_category_id, supplier_status_id) VALUES ('Авто Олімп', 4, 1);
INSERT INTO suppliers (supplier_name, supplier_category_id, supplier_status_id) VALUES ('Індастріал Тайрс', 1, 1);
INSERT INTO suppliers (supplier_name, supplier_category_id, supplier_status_id) VALUES ('АвтоГараж', 2, 1);
INSERT INTO suppliers (supplier_name, supplier_category_id, supplier_status_id) VALUES ('Світлофор', 3, 1);
INSERT INTO suppliers (supplier_name, supplier_category_id, supplier_status_id) VALUES ('ЛеоПартс', 4, 1);
INSERT INTO suppliers (supplier_name, supplier_category_id, supplier_status_id) VALUES ('АвтоОіл', 1, 1);
INSERT INTO suppliers (supplier_name, supplier_category_id, supplier_status_id) VALUES ('Олкар', 2, 1);
INSERT INTO suppliers (supplier_name, supplier_category_id, supplier_status_id) VALUES ('Євродеталь', 3, 1);
INSERT INTO suppliers (supplier_name, supplier_category_id, supplier_status_id) VALUES ('Демекс', 4, 1);

INSERT INTO catalogue (good_id, supplier_id, supplier_price, delivery_days) VALUES (1, 1, 1580, 1);
INSERT INTO catalogue (good_id, supplier_id, supplier_price, delivery_days) VALUES (1, 2, 1680, 1);
INSERT INTO catalogue (good_id, supplier_id, supplier_price, delivery_days) VALUES (1, 3, 2190, 2);
INSERT INTO catalogue (good_id, supplier_id, supplier_price, delivery_days) VALUES (1, 4, 2290, 1);
INSERT INTO catalogue (good_id, supplier_id, supplier_price, delivery_days) VALUES (1, 5, 2300, 3);
INSERT INTO catalogue (good_id, supplier_id, supplier_price, delivery_days) VALUES (1, 8, 2370, 1);
INSERT INTO catalogue (good_id, supplier_id, supplier_price, delivery_days) VALUES (1, 9, 2440, 1);
INSERT INTO catalogue (good_id, supplier_id, supplier_price, delivery_days) VALUES (1, 10, 2560, 2);
INSERT INTO catalogue (good_id, supplier_id, supplier_price, delivery_days) VALUES (1, 11, 2930, 3);
INSERT INTO catalogue (good_id, supplier_id, supplier_price, delivery_days) VALUES (1, 14, 3390, 1);
INSERT INTO catalogue (good_id, supplier_id, supplier_price, delivery_days) VALUES (1, 15, 4070, 4);
INSERT INTO catalogue (good_id, supplier_id, supplier_price, delivery_days) VALUES (1, 16, 4210, 1);
INSERT INTO catalogue (good_id, supplier_id, supplier_price, delivery_days) VALUES (1, 19, 4460, 1);
INSERT INTO catalogue (good_id, supplier_id, supplier_price, delivery_days) VALUES (1, 22, 4690, 2);
INSERT INTO catalogue (good_id, supplier_id, supplier_price, delivery_days) VALUES (1, 23, 4810, 1);
INSERT INTO catalogue (good_id, supplier_id, supplier_price, delivery_days) VALUES (2, 1, 100, 3);
INSERT INTO catalogue (good_id, supplier_id, supplier_price, delivery_days) VALUES (2, 4, 220, 1);
INSERT INTO catalogue (good_id, supplier_id, supplier_price, delivery_days) VALUES (2, 7, 240, 1);
INSERT INTO catalogue (good_id, supplier_id, supplier_price, delivery_days) VALUES (2, 11, 260, 2);
INSERT INTO catalogue (good_id, supplier_id, supplier_price, delivery_days) VALUES (2, 13, 290, 1);
INSERT INTO catalogue (good_id, supplier_id, supplier_price, delivery_days) VALUES (2, 14, 410, 1);
INSERT INTO catalogue (good_id, supplier_id, supplier_price, delivery_days) VALUES (2, 16, 450, 2);
INSERT INTO catalogue (good_id, supplier_id, supplier_price, delivery_days) VALUES (2, 18, 580, 1);
INSERT INTO catalogue (good_id, supplier_id, supplier_price, delivery_days) VALUES (2, 19, 600, 3);
INSERT INTO catalogue (good_id, supplier_id, supplier_price, delivery_days) VALUES (2, 20, 620, 4);
INSERT INTO catalogue (good_id, supplier_id, supplier_price, delivery_days) VALUES (2, 21, 640, 1);
INSERT INTO catalogue (good_id, supplier_id, supplier_price, delivery_days) VALUES (2, 22, 660, 1);
INSERT INTO catalogue (good_id, supplier_id, supplier_price, delivery_days) VALUES (2, 24, 690, 2);
INSERT INTO catalogue (good_id, supplier_id, supplier_price, delivery_days) VALUES (3, 2, 2000, 3);
INSERT INTO catalogue (good_id, supplier_id, supplier_price, delivery_days) VALUES (3, 13, 2100, 1);
INSERT INTO catalogue (good_id, supplier_id, supplier_price, delivery_days) VALUES (3, 14, 2200, 1);
INSERT INTO catalogue (good_id, supplier_id, supplier_price, delivery_days) VALUES (3, 15, 2300, 1);
INSERT INTO catalogue (good_id, supplier_id, supplier_price, delivery_days) VALUES (3, 16, 2400, 2);
INSERT INTO catalogue (good_id, supplier_id, supplier_price, delivery_days) VALUES (3, 17, 2600, 3);
INSERT INTO catalogue (good_id, supplier_id, supplier_price, delivery_days) VALUES (3, 18, 2700, 1);
INSERT INTO catalogue (good_id, supplier_id, supplier_price, delivery_days) VALUES (3, 20, 2800, 1);
INSERT INTO catalogue (good_id, supplier_id, supplier_price, delivery_days) VALUES (3, 24, 3000, 1);
INSERT INTO catalogue (good_id, supplier_id, supplier_price, delivery_days) VALUES (4, 1, 1700, 2);
INSERT INTO catalogue (good_id, supplier_id, supplier_price, delivery_days) VALUES (4, 6, 1800, 1);
INSERT INTO catalogue (good_id, supplier_id, supplier_price, delivery_days) VALUES (4, 10, 1900, 4);
INSERT INTO catalogue (good_id, supplier_id, supplier_price, delivery_days) VALUES (4, 13, 2300, 1);
INSERT INTO catalogue (good_id, supplier_id, supplier_price, delivery_days) VALUES (4, 15, 2400, 1);
INSERT INTO catalogue (good_id, supplier_id, supplier_price, delivery_days) VALUES (4, 19, 2800, 3);
INSERT INTO catalogue (good_id, supplier_id, supplier_price, delivery_days) VALUES (5, 4, 590, 2);
INSERT INTO catalogue (good_id, supplier_id, supplier_price, delivery_days) VALUES (5, 6, 850, 1);
INSERT INTO catalogue (good_id, supplier_id, supplier_price, delivery_days) VALUES (5, 9, 890, 1);
INSERT INTO catalogue (good_id, supplier_id, supplier_price, delivery_days) VALUES (5, 10, 980, 1);
INSERT INTO catalogue (good_id, supplier_id, supplier_price, delivery_days) VALUES (5, 11, 1030, 2);
INSERT INTO catalogue (good_id, supplier_id, supplier_price, delivery_days) VALUES (5, 14, 1080, 1);
INSERT INTO catalogue (good_id, supplier_id, supplier_price, delivery_days) VALUES (5, 17, 1120, 3);
INSERT INTO catalogue (good_id, supplier_id, supplier_price, delivery_days) VALUES (5, 18, 1190, 1);
INSERT INTO catalogue (good_id, supplier_id, supplier_price, delivery_days) VALUES (5, 20, 1200, 1);
INSERT INTO catalogue (good_id, supplier_id, supplier_price, delivery_days) VALUES (5, 21, 1340, 2);
INSERT INTO catalogue (good_id, supplier_id, supplier_price, delivery_days) VALUES (5, 22, 1360, 1);
INSERT INTO catalogue (good_id, supplier_id, supplier_price, delivery_days) VALUES (5, 23, 1390, 1);
INSERT INTO catalogue (good_id, supplier_id, supplier_price, delivery_days) VALUES (6, 3, 530, 2);
INSERT INTO catalogue (good_id, supplier_id, supplier_price, delivery_days) VALUES (6, 9, 620, 1);
INSERT INTO catalogue (good_id, supplier_id, supplier_price, delivery_days) VALUES (6, 14, 680, 1);
INSERT INTO catalogue (good_id, supplier_id, supplier_price, delivery_days) VALUES (6, 20, 940, 4);
INSERT INTO catalogue (good_id, supplier_id, supplier_price, delivery_days) VALUES (6, 21, 1420, 2);
INSERT INTO catalogue (good_id, supplier_id, supplier_price, delivery_days) VALUES (7, 2, 480, 1);
INSERT INTO catalogue (good_id, supplier_id, supplier_price, delivery_days) VALUES (7, 3, 550, 3);
INSERT INTO catalogue (good_id, supplier_id, supplier_price, delivery_days) VALUES (7, 8, 710, 2);
INSERT INTO catalogue (good_id, supplier_id, supplier_price, delivery_days) VALUES (7, 14, 840, 1);
INSERT INTO catalogue (good_id, supplier_id, supplier_price, delivery_days) VALUES (7, 24, 1290, 1);
INSERT INTO catalogue (good_id, supplier_id, supplier_price, delivery_days) VALUES (8, 3, 400, 1);
INSERT INTO catalogue (good_id, supplier_id, supplier_price, delivery_days) VALUES (8, 4, 470, 2);
INSERT INTO catalogue (good_id, supplier_id, supplier_price, delivery_days) VALUES (8, 5, 510, 1);
INSERT INTO catalogue (good_id, supplier_id, supplier_price, delivery_days) VALUES (8, 6, 570, 1);
INSERT INTO catalogue (good_id, supplier_id, supplier_price, delivery_days) VALUES (8, 8, 600, 1);
INSERT INTO catalogue (good_id, supplier_id, supplier_price, delivery_days) VALUES (8, 9, 610, 1);
INSERT INTO catalogue (good_id, supplier_id, supplier_price, delivery_days) VALUES (8, 11, 690, 2);
INSERT INTO catalogue (good_id, supplier_id, supplier_price, delivery_days) VALUES (8, 15, 710, 1);
INSERT INTO catalogue (good_id, supplier_id, supplier_price, delivery_days) VALUES (8, 16, 720, 3);
INSERT INTO catalogue (good_id, supplier_id, supplier_price, delivery_days) VALUES (8, 17, 760, 1);
INSERT INTO catalogue (good_id, supplier_id, supplier_price, delivery_days) VALUES (8, 18, 780, 4);
INSERT INTO catalogue (good_id, supplier_id, supplier_price, delivery_days) VALUES (8, 19, 810, 2);
INSERT INTO catalogue (good_id, supplier_id, supplier_price, delivery_days) VALUES (9, 3, 130, 1);
INSERT INTO catalogue (good_id, supplier_id, supplier_price, delivery_days) VALUES (9, 9, 190, 1);
INSERT INTO catalogue (good_id, supplier_id, supplier_price, delivery_days) VALUES (9, 15, 370, 2);
INSERT INTO catalogue (good_id, supplier_id, supplier_price, delivery_days) VALUES (9, 16, 380, 1);
INSERT INTO catalogue (good_id, supplier_id, supplier_price, delivery_days) VALUES (9, 20, 490, 1);
INSERT INTO catalogue (good_id, supplier_id, supplier_price, delivery_days) VALUES (10, 2, 280, 1);
INSERT INTO catalogue (good_id, supplier_id, supplier_price, delivery_days) VALUES (10, 3, 330, 3);
INSERT INTO catalogue (good_id, supplier_id, supplier_price, delivery_days) VALUES (10, 6, 340, 2);
INSERT INTO catalogue (good_id, supplier_id, supplier_price, delivery_days) VALUES (10, 9, 390, 1);
INSERT INTO catalogue (good_id, supplier_id, supplier_price, delivery_days) VALUES (10, 13, 400, 1);
INSERT INTO catalogue (good_id, supplier_id, supplier_price, delivery_days) VALUES (10, 14, 420, 1);
INSERT INTO catalogue (good_id, supplier_id, supplier_price, delivery_days) VALUES (10, 15, 450, 4);
INSERT INTO catalogue (good_id, supplier_id, supplier_price, delivery_days) VALUES (10, 16, 460, 2);
INSERT INTO catalogue (good_id, supplier_id, supplier_price, delivery_days) VALUES (10, 20, 480, 1);
INSERT INTO catalogue (good_id, supplier_id, supplier_price, delivery_days) VALUES (10, 22, 490, 3);
INSERT INTO catalogue (good_id, supplier_id, supplier_price, delivery_days) VALUES (10, 24, 500, 1);
INSERT INTO catalogue (good_id, supplier_id, supplier_price, delivery_days) VALUES (11, 7, 290, 2);
INSERT INTO catalogue (good_id, supplier_id, supplier_price, delivery_days) VALUES (11, 12, 320, 1);
INSERT INTO catalogue (good_id, supplier_id, supplier_price, delivery_days) VALUES (11, 14, 380, 1);
INSERT INTO catalogue (good_id, supplier_id, supplier_price, delivery_days) VALUES (11, 15, 420, 2);
INSERT INTO catalogue (good_id, supplier_id, supplier_price, delivery_days) VALUES (11, 17, 430, 2);
INSERT INTO catalogue (good_id, supplier_id, supplier_price, delivery_days) VALUES (11, 21, 460, 2);
INSERT INTO catalogue (good_id, supplier_id, supplier_price, delivery_days) VALUES (10, 7, 360, 3);
INSERT INTO catalogue (good_id, supplier_id, supplier_price, delivery_days) VALUES (12, 8, 200, 1);
INSERT INTO catalogue (good_id, supplier_id, supplier_price, delivery_days) VALUES (11, 24, 480, 1);
INSERT INTO catalogue (good_id, supplier_id, supplier_price, delivery_days) VALUES (12, 9, 210, 2);
INSERT INTO catalogue (good_id, supplier_id, supplier_price, delivery_days) VALUES (12, 10, 230, 1);
INSERT INTO catalogue (good_id, supplier_id, supplier_price, delivery_days) VALUES (12, 11, 240, 3);
INSERT INTO catalogue (good_id, supplier_id, supplier_price, delivery_days) VALUES (12, 13, 250, 2);
INSERT INTO catalogue (good_id, supplier_id, supplier_price, delivery_days) VALUES (12, 15, 260, 2);
INSERT INTO catalogue (good_id, supplier_id, supplier_price, delivery_days) VALUES (12, 19, 270,4);
INSERT INTO catalogue (good_id, supplier_id, supplier_price, delivery_days) VALUES (12, 21, 280,1);
INSERT INTO catalogue (good_id, supplier_id, supplier_price, delivery_days) VALUES (12, 23, 300,2);
INSERT INTO catalogue (good_id, supplier_id, supplier_price, delivery_days) VALUES (13, 3, 2000, 1);
INSERT INTO catalogue (good_id, supplier_id, supplier_price, delivery_days) VALUES (13, 4, 2100, 1);
INSERT INTO catalogue (good_id, supplier_id, supplier_price, delivery_days) VALUES (13, 5, 2300, 2);
INSERT INTO catalogue (good_id, supplier_id, supplier_price, delivery_days) VALUES (13, 6, 2400, 3);
INSERT INTO catalogue (good_id, supplier_id, supplier_price, delivery_days) VALUES (13, 8, 2500, 1);
INSERT INTO catalogue (good_id, supplier_id, supplier_price, delivery_days) VALUES (13, 10, 2600, 1);
INSERT INTO catalogue (good_id, supplier_id, supplier_price, delivery_days) VALUES (13, 11, 2700, 1);
INSERT INTO catalogue (good_id, supplier_id, supplier_price, delivery_days) VALUES (13, 15, 2800, 2);
INSERT INTO catalogue (good_id, supplier_id, supplier_price, delivery_days) VALUES (13, 18, 3000, 1);
INSERT INTO catalogue (good_id, supplier_id, supplier_price, delivery_days) VALUES (14, 3, 2500, 1);
INSERT INTO catalogue (good_id, supplier_id, supplier_price, delivery_days) VALUES (14, 4, 3300, 1);
INSERT INTO catalogue (good_id, supplier_id, supplier_price, delivery_days) VALUES (14, 5, 3500, 2);
INSERT INTO catalogue (good_id, supplier_id, supplier_price, delivery_days) VALUES (14, 6, 3700, 1);
INSERT INTO catalogue (good_id, supplier_id, supplier_price, delivery_days) VALUES (14, 9, 3800, 3);
INSERT INTO catalogue (good_id, supplier_id, supplier_price, delivery_days) VALUES (14, 10, 4100, 2);
INSERT INTO catalogue (good_id, supplier_id, supplier_price, delivery_days) VALUES (14, 11, 4200, 1);
INSERT INTO catalogue (good_id, supplier_id, supplier_price, delivery_days) VALUES (14, 13, 4700, 4);
INSERT INTO catalogue (good_id, supplier_id, supplier_price, delivery_days) VALUES (14, 14, 4800, 1);
INSERT INTO catalogue (good_id, supplier_id, supplier_price, delivery_days) VALUES (14, 15, 5000, 1);
INSERT INTO catalogue (good_id, supplier_id, supplier_price, delivery_days) VALUES (14, 21, 5200, 2);
INSERT INTO catalogue (good_id, supplier_id, supplier_price, delivery_days) VALUES (15, 3, 8600, 1);
INSERT INTO catalogue (good_id, supplier_id, supplier_price, delivery_days) VALUES (15, 10, 9400, 4);
INSERT INTO catalogue (good_id, supplier_id, supplier_price, delivery_days) VALUES (15, 14, 9700, 3);
INSERT INTO catalogue (good_id, supplier_id, supplier_price, delivery_days) VALUES (15, 15, 10400, 1);
INSERT INTO catalogue (good_id, supplier_id, supplier_price, delivery_days) VALUES (15, 16, 10500, 1);
INSERT INTO catalogue (good_id, supplier_id, supplier_price, delivery_days) VALUES (15, 17, 10600, 1);
INSERT INTO catalogue (good_id, supplier_id, supplier_price, delivery_days) VALUES (15, 18, 11100, 2);
INSERT INTO catalogue (good_id, supplier_id, supplier_price, delivery_days) VALUES (15, 21, 11400, 1);
INSERT INTO catalogue (good_id, supplier_id, supplier_price, delivery_days) VALUES (15, 23, 12000, 1);
INSERT INTO catalogue (good_id, supplier_id, supplier_price, delivery_days) VALUES (15, 24, 10300, 1);

INSERT INTO storage (sku_id, sku_amount, cell_capacity, replenishment_date) VALUES (41, 10, 20, '2022-01-16');
INSERT INTO storage (sku_id, sku_amount, cell_capacity, replenishment_date) VALUES (45, 6, 20, '2022-01-16');
INSERT INTO storage (sku_id, sku_amount, cell_capacity, replenishment_date) VALUES (50, 10, 20, '2022-01-16');
INSERT INTO storage (sku_id, sku_amount, cell_capacity, replenishment_date) VALUES (52, 10, 20, '2022-01-16');
INSERT INTO storage (sku_id, sku_amount, cell_capacity, replenishment_date) VALUES (101, 8, 20, '2022-01-17');
INSERT INTO storage (sku_id, sku_amount, cell_capacity, replenishment_date) VALUES (103, 10, 20, '2022-01-17');
INSERT INTO storage (sku_id, sku_amount, cell_capacity, replenishment_date) VALUES (105, 7, 20, '2022-01-17');
INSERT INTO storage (sku_id, sku_amount, cell_capacity, replenishment_date) VALUES (107, 12, 24, '2022-01-17');
INSERT INTO storage (sku_id, sku_amount, cell_capacity, replenishment_date) VALUES (92, 10, 20, '2022-01-17');
INSERT INTO storage (sku_id, sku_amount, cell_capacity, replenishment_date) VALUES (96, 12, 24, '2022-01-17');
INSERT INTO storage (sku_id, sku_amount, cell_capacity, replenishment_date) VALUES (99, 13, 30, '2022-01-17');
INSERT INTO storage (sku_id, sku_amount, cell_capacity, replenishment_date) VALUES (100, 9, 20, '2022-01-17');
INSERT INTO storage (sku_id, sku_amount, cell_capacity, replenishment_date) VALUES (126, 14, 30, '2022-01-17');
INSERT INTO storage (sku_id, sku_amount, cell_capacity, replenishment_date) VALUES (127, 10, 20, '2022-01-27');
INSERT INTO storage (sku_id, sku_amount, cell_capacity, replenishment_date) VALUES (128, 9, 20, '2022-01-27');
INSERT INTO storage (sku_id, sku_amount, cell_capacity, replenishment_date) VALUES (134, 7, 20, '2022-01-27');
INSERT INTO storage (sku_id, sku_amount, cell_capacity, replenishment_date) VALUES (108, 5, 20, '2022-01-17');
INSERT INTO storage (sku_id, sku_amount, cell_capacity, replenishment_date) VALUES (117, 9, 20, '2022-01-17');
INSERT INTO storage (sku_id, sku_amount, cell_capacity, replenishment_date) VALUES (119, 8, 20, '2022-01-17');
INSERT INTO storage (sku_id, sku_amount, cell_capacity, replenishment_date) VALUES (122, 10, 20, '2022-01-17');
INSERT INTO storage (sku_id, sku_amount, cell_capacity, replenishment_date) VALUES (139, 21, 30, '2022-02-22');
INSERT INTO storage (sku_id, sku_amount, cell_capacity, replenishment_date) VALUES (140, 13, 24, '2022-02-28');
INSERT INTO storage (sku_id, sku_amount, cell_capacity, replenishment_date) VALUES (4, 25, 25, '2022-01-01');
INSERT INTO storage (sku_id, sku_amount, cell_capacity, replenishment_date) VALUES (7, 13, 30, '2022-01-03');
INSERT INTO storage (sku_id, sku_amount, cell_capacity, replenishment_date) VALUES (8, 4, 20, '2022-01-03');
INSERT INTO storage (sku_id, sku_amount, cell_capacity, replenishment_date) VALUES (1, 14, 20, '2022-02-03');
INSERT INTO storage (sku_id, sku_amount, cell_capacity, replenishment_date) VALUES (2, 10, 24, '2022-01-01');
INSERT INTO storage (sku_id, sku_amount, cell_capacity, replenishment_date) VALUES (3, 5, 20, '2022-01-01');
INSERT INTO storage (sku_id, sku_amount, cell_capacity, replenishment_date) VALUES (22, 9, 20, '2022-01-16');
INSERT INTO storage (sku_id, sku_amount, cell_capacity, replenishment_date) VALUES (31, 10, 20, '2022-01-16');
INSERT INTO storage (sku_id, sku_amount, cell_capacity, replenishment_date) VALUES (36, 10, 24, '2022-01-16');
INSERT INTO storage (sku_id, sku_amount, cell_capacity, replenishment_date) VALUES (38, 10, 20, '2022-01-16');
INSERT INTO storage (sku_id, sku_amount, cell_capacity, replenishment_date) VALUES (12, 8, 20, '2022-01-03');
INSERT INTO storage (sku_id, sku_amount, cell_capacity, replenishment_date) VALUES (16, 18, 20, '2022-02-03');
INSERT INTO storage (sku_id, sku_amount, cell_capacity, replenishment_date) VALUES (20, 10, 20, '2022-01-16');
INSERT INTO storage (sku_id, sku_amount, cell_capacity, replenishment_date) VALUES (21, 8, 20, '2022-01-16');
INSERT INTO storage (sku_id, sku_amount, cell_capacity, replenishment_date) VALUES (56, 15, 30, '2022-01-16');
INSERT INTO storage (sku_id, sku_amount, cell_capacity, replenishment_date) VALUES (71, 7, 20, '2022-01-16');
INSERT INTO storage (sku_id, sku_amount, cell_capacity, replenishment_date) VALUES (81, 6, 20, '2022-01-16');
INSERT INTO storage (sku_id, sku_amount, cell_capacity, replenishment_date) VALUES (90, 10, 20, '2022-01-17');
INSERT INTO storage (sku_id, sku_amount, cell_capacity, replenishment_date) VALUES (136, 10, 20, '2022-02-22');
INSERT INTO storage (sku_id, sku_amount, cell_capacity, replenishment_date) VALUES (125, 9, 20, '2022-02-22');
INSERT INTO storage (sku_id, sku_amount, cell_capacity, replenishment_date) VALUES (129, 8, 20, '2022-02-22');
INSERT INTO storage (sku_id, sku_amount, cell_capacity, replenishment_date) VALUES (114, 12, 24, '2022-02-07');
INSERT INTO storage (sku_id, sku_amount, cell_capacity, replenishment_date) VALUES (33, 12, 24, '2022-02-03');
INSERT INTO storage (sku_id, sku_amount, cell_capacity, replenishment_date) VALUES (46, 5, 20, '2022-02-07');
INSERT INTO storage (sku_id, sku_amount, cell_capacity, replenishment_date) VALUES (59, 10, 20, '2022-02-07');
INSERT INTO storage (sku_id, sku_amount, cell_capacity, replenishment_date) VALUES (73, 10, 20, '2022-02-07');

INSERT INTO store_orders (sku_id, sku_amount, store_order_status_id, store_order_date) VALUES (1, 10, 2, '2022-01-01');
INSERT INTO store_orders (sku_id, sku_amount, store_order_status_id, store_order_date) VALUES (2, 12, 2, '2022-01-01');
INSERT INTO store_orders (sku_id, sku_amount, store_order_status_id, store_order_date) VALUES (3, 10, 2, '2022-01-01');
INSERT INTO store_orders (sku_id, sku_amount, store_order_status_id, store_order_date) VALUES (4, 10, 2, '2022-01-01');
INSERT INTO store_orders (sku_id, sku_amount, store_order_status_id, store_order_date) VALUES (4, 15, 2, '2022-01-03');
INSERT INTO store_orders (sku_id, sku_amount, store_order_status_id, store_order_date) VALUES (7, 15, 2, '2022-01-03');
INSERT INTO store_orders (sku_id, sku_amount, store_order_status_id, store_order_date) VALUES (8, 10, 2, '2022-01-03');
INSERT INTO store_orders (sku_id, sku_amount, store_order_status_id, store_order_date) VALUES (12, 10, 2, '2022-01-03');
INSERT INTO store_orders (sku_id, sku_amount, store_order_status_id, store_order_date) VALUES (16, 10, 2, '2022-01-05');
INSERT INTO store_orders (sku_id, sku_amount, store_order_status_id, store_order_date) VALUES (20, 10, 2, '2022-01-05');
INSERT INTO store_orders (sku_id, sku_amount, store_order_status_id, store_order_date) VALUES (21, 10, 2, '2022-01-05');
INSERT INTO store_orders (sku_id, sku_amount, store_order_status_id, store_order_date) VALUES (22, 10, 2, '2022-01-05');
INSERT INTO store_orders (sku_id, sku_amount, store_order_status_id, store_order_date) VALUES (31, 10, 2, '2022-01-05');
INSERT INTO store_orders (sku_id, sku_amount, store_order_status_id, store_order_date) VALUES (36, 12, 2, '2022-01-05');
INSERT INTO store_orders (sku_id, sku_amount, store_order_status_id, store_order_date) VALUES (38, 10, 2, '2022-01-05');
INSERT INTO store_orders (sku_id, sku_amount, store_order_status_id, store_order_date) VALUES (41, 10, 2, '2022-01-05');
INSERT INTO store_orders (sku_id, sku_amount, store_order_status_id, store_order_date) VALUES (45, 10, 2, '2022-01-06');
INSERT INTO store_orders (sku_id, sku_amount, store_order_status_id, store_order_date) VALUES (50, 10, 2, '2022-01-06');
INSERT INTO store_orders (sku_id, sku_amount, store_order_status_id, store_order_date) VALUES (52, 10, 2, '2022-01-06');
INSERT INTO store_orders (sku_id, sku_amount, store_order_status_id, store_order_date) VALUES (56, 15, 2, '2022-01-06');
INSERT INTO store_orders (sku_id, sku_amount, store_order_status_id, store_order_date) VALUES (71, 10, 2, '2022-01-06');
INSERT INTO store_orders (sku_id, sku_amount, store_order_status_id, store_order_date) VALUES (81, 10, 2, '2022-01-06');
INSERT INTO store_orders (sku_id, sku_amount, store_order_status_id, store_order_date) VALUES (90, 10, 2, '2022-01-13');
INSERT INTO store_orders (sku_id, sku_amount, store_order_status_id, store_order_date) VALUES (92, 10, 2, '2022-01-13');
INSERT INTO store_orders (sku_id, sku_amount, store_order_status_id, store_order_date) VALUES (96, 12, 2, '2022-01-13');
INSERT INTO store_orders (sku_id, sku_amount, store_order_status_id, store_order_date) VALUES (99, 15, 2, '2022-01-13');
INSERT INTO store_orders (sku_id, sku_amount, store_order_status_id, store_order_date) VALUES (100, 10, 2, '2022-01-13');
INSERT INTO store_orders (sku_id, sku_amount, store_order_status_id, store_order_date) VALUES (101, 10, 2, '2022-01-13');
INSERT INTO store_orders (sku_id, sku_amount, store_order_status_id, store_order_date) VALUES (103, 10, 2, '2022-01-14');
INSERT INTO store_orders (sku_id, sku_amount, store_order_status_id, store_order_date) VALUES (105, 10, 2, '2022-01-14');
INSERT INTO store_orders (sku_id, sku_amount, store_order_status_id, store_order_date) VALUES (107, 12, 2, '2022-01-14');
INSERT INTO store_orders (sku_id, sku_amount, store_order_status_id, store_order_date) VALUES (108, 10, 2, '2022-01-14');
INSERT INTO store_orders (sku_id, sku_amount, store_order_status_id, store_order_date) VALUES (117, 10, 2, '2022-01-14');
INSERT INTO store_orders (sku_id, sku_amount, store_order_status_id, store_order_date) VALUES (119, 10, 2, '2022-01-14');
INSERT INTO store_orders (sku_id, sku_amount, store_order_status_id, store_order_date) VALUES (122, 10, 2, '2022-01-14');
INSERT INTO store_orders (sku_id, sku_amount, store_order_status_id, store_order_date) VALUES (126, 15, 2, '2022-01-14');
INSERT INTO store_orders (sku_id, sku_amount, store_order_status_id, store_order_date) VALUES (127, 10, 2, '2022-01-27');
INSERT INTO store_orders (sku_id, sku_amount, store_order_status_id, store_order_date) VALUES (128, 10, 2, '2022-01-27');
INSERT INTO store_orders (sku_id, sku_amount, store_order_status_id, store_order_date) VALUES (134, 10, 2, '2022-01-27');
INSERT INTO store_orders (sku_id, sku_amount, store_order_status_id, store_order_date) VALUES (139, 15, 2, '2022-01-27');
INSERT INTO store_orders (sku_id, sku_amount, store_order_status_id, store_order_date) VALUES (140, 12, 2, '2022-01-28');
INSERT INTO store_orders (sku_id, sku_amount, store_order_status_id, store_order_date) VALUES (1, 10, 2, '2022-02-01');
INSERT INTO store_orders (sku_id, sku_amount, store_order_status_id, store_order_date) VALUES (16, 10, 2, '2022-02-01');
INSERT INTO store_orders (sku_id, sku_amount, store_order_status_id, store_order_date) VALUES (33, 12, 2, '2022-02-01');
INSERT INTO store_orders (sku_id, sku_amount, store_order_status_id, store_order_date) VALUES (46, 8, 2, '2022-02-03');
INSERT INTO store_orders (sku_id, sku_amount, store_order_status_id, store_order_date) VALUES (59, 10, 2, '2022-02-03');
INSERT INTO store_orders (sku_id, sku_amount, store_order_status_id, store_order_date) VALUES (73, 10, 2, '2022-02-03');
INSERT INTO store_orders (sku_id, sku_amount, store_order_status_id, store_order_date) VALUES (114, 12, 2, '2022-02-03');
INSERT INTO store_orders (sku_id, sku_amount, store_order_status_id, store_order_date) VALUES (125, 10, 2, '2022-02-17');
INSERT INTO store_orders (sku_id, sku_amount, store_order_status_id, store_order_date) VALUES (129, 8, 2, '2022-02-17');
INSERT INTO store_orders (sku_id, sku_amount, store_order_status_id, store_order_date) VALUES (136, 10, 2, '2022-02-17');
INSERT INTO store_orders (sku_id, sku_amount, store_order_status_id, store_order_date) VALUES (139, 8, 2, '2022-02-17');
INSERT INTO store_orders (sku_id, sku_amount, store_order_status_id, store_order_date) VALUES (140, 6, 2, '2022-02-24');

INSERT INTO customers_orders (sku_id, sku_amount, defected_sku_amount, customer_order_status_id, customer_order_date) VALUES (1, 3, 0, 2, '2022-01-01');
INSERT INTO customers_orders (sku_id, sku_amount, defected_sku_amount, customer_order_status_id, customer_order_date) VALUES (1, 2, 1, 2, '2022-01-01');
INSERT INTO customers_orders (sku_id, sku_amount, defected_sku_amount, customer_order_status_id, customer_order_date) VALUES (3, 4, 0, 2, '2022-01-01');
INSERT INTO customers_orders (sku_id, sku_amount, defected_sku_amount, customer_order_status_id, customer_order_date) VALUES (5, 1, 0, 1, '2022-01-01');
INSERT INTO customers_orders (sku_id, sku_amount, defected_sku_amount, customer_order_status_id, customer_order_date) VALUES (7, 2, 2, 2, '2022-01-01');
INSERT INTO customers_orders (sku_id, sku_amount, defected_sku_amount, customer_order_status_id, customer_order_date) VALUES (8, 3, 0, 2, '2022-01-01');
INSERT INTO customers_orders (sku_id, sku_amount, defected_sku_amount, customer_order_status_id, customer_order_date) VALUES (8, 2, 0, 2, '2022-01-01');
INSERT INTO customers_orders (sku_id, sku_amount, defected_sku_amount, customer_order_status_id, customer_order_date) VALUES (12, 2, 1, 2, '2022-01-05');
INSERT INTO customers_orders (sku_id, sku_amount, defected_sku_amount, customer_order_status_id, customer_order_date) VALUES (16, 1, 0, 2, '2022-01-05');
INSERT INTO customers_orders (sku_id, sku_amount, defected_sku_amount, customer_order_status_id, customer_order_date) VALUES (21, 2, 0, 2, '2022-01-05');
INSERT INTO customers_orders (sku_id, sku_amount, defected_sku_amount, customer_order_status_id, customer_order_date) VALUES (36, 1, 0, 2, '2022-01-05');
INSERT INTO customers_orders (sku_id, sku_amount, defected_sku_amount, customer_order_status_id, customer_order_date) VALUES (45, 3, 1, 2, '2022-01-05');
INSERT INTO customers_orders (sku_id, sku_amount, defected_sku_amount, customer_order_status_id, customer_order_date) VALUES (46, 2, 0, 2, '2022-01-05');
INSERT INTO customers_orders (sku_id, sku_amount, defected_sku_amount, customer_order_status_id, customer_order_date) VALUES (53, 4, 0, 1, '2022-01-13');
INSERT INTO customers_orders (sku_id, sku_amount, defected_sku_amount, customer_order_status_id, customer_order_date) VALUES (71, 2, 0, 2, '2022-01-13');
INSERT INTO customers_orders (sku_id, sku_amount, defected_sku_amount, customer_order_status_id, customer_order_date) VALUES (81, 3, 0, 2, '2022-01-13');
INSERT INTO customers_orders (sku_id, sku_amount, defected_sku_amount, customer_order_status_id, customer_order_date) VALUES (86, 1, 0, 1, '2022-01-13');
INSERT INTO customers_orders (sku_id, sku_amount, defected_sku_amount, customer_order_status_id, customer_order_date) VALUES (94, 2, 0, 1, '2022-01-13');
INSERT INTO customers_orders (sku_id, sku_amount, defected_sku_amount, customer_order_status_id, customer_order_date) VALUES (99, 1, 0, 2, '2022-01-13');
INSERT INTO customers_orders (sku_id, sku_amount, defected_sku_amount, customer_order_status_id, customer_order_date) VALUES (101, 2, 1, 2, '2022-01-25');
INSERT INTO customers_orders (sku_id, sku_amount, defected_sku_amount, customer_order_status_id, customer_order_date) VALUES (105, 3, 0, 2, '2022-01-25');
INSERT INTO customers_orders (sku_id, sku_amount, defected_sku_amount, customer_order_status_id, customer_order_date) VALUES (108, 4, 1, 2, '2022-01-25');
INSERT INTO customers_orders (sku_id, sku_amount, defected_sku_amount, customer_order_status_id, customer_order_date) VALUES (119, 2, 0, 2, '2022-01-25');
INSERT INTO customers_orders (sku_id, sku_amount, defected_sku_amount, customer_order_status_id, customer_order_date) VALUES (126, 1, 0, 2, '2022-01-25');
INSERT INTO customers_orders (sku_id, sku_amount, defected_sku_amount, customer_order_status_id, customer_order_date) VALUES (128, 1, 1, 2, '2022-01-25');
INSERT INTO customers_orders (sku_id, sku_amount, defected_sku_amount, customer_order_status_id, customer_order_date) VALUES (134, 2, 0, 2, '2022-01-31');
INSERT INTO customers_orders (sku_id, sku_amount, defected_sku_amount, customer_order_status_id, customer_order_date) VALUES (139, 1, 0, 2, '2022-01-31');
INSERT INTO customers_orders (sku_id, sku_amount, defected_sku_amount, customer_order_status_id, customer_order_date) VALUES (140, 4, 1, 2, '2022-01-31');
INSERT INTO customers_orders (sku_id, sku_amount, defected_sku_amount, customer_order_status_id, customer_order_date) VALUES (1, 1, 0, 2, '2022-02-01');
INSERT INTO customers_orders (sku_id, sku_amount, defected_sku_amount, customer_order_status_id, customer_order_date) VALUES (2, 1, 0, 2, '2022-02-01');
INSERT INTO customers_orders (sku_id, sku_amount, defected_sku_amount, customer_order_status_id, customer_order_date) VALUES (2, 1, 0, 2, '2022-02-01');
INSERT INTO customers_orders (sku_id, sku_amount, defected_sku_amount, customer_order_status_id, customer_order_date) VALUES (3, 1, 0, 2, '2022-02-01');
INSERT INTO customers_orders (sku_id, sku_amount, defected_sku_amount, customer_order_status_id, customer_order_date) VALUES (5, 1, 0, 1, '2022-02-01');
INSERT INTO customers_orders (sku_id, sku_amount, defected_sku_amount, customer_order_status_id, customer_order_date) VALUES (8, 1, 0, 2, '2022-02-01');
INSERT INTO customers_orders (sku_id, sku_amount, defected_sku_amount, customer_order_status_id, customer_order_date) VALUES (9, 1, 0, 1, '2022-02-01');
INSERT INTO customers_orders (sku_id, sku_amount, defected_sku_amount, customer_order_status_id, customer_order_date) VALUES (14, 1, 0, 1, '2022-02-04');
INSERT INTO customers_orders (sku_id, sku_amount, defected_sku_amount, customer_order_status_id, customer_order_date) VALUES (16, 1, 0, 2, '2022-02-04');
INSERT INTO customers_orders (sku_id, sku_amount, defected_sku_amount, customer_order_status_id, customer_order_date) VALUES (22, 1, 0, 2, '2022-02-04');
INSERT INTO customers_orders (sku_id, sku_amount, defected_sku_amount, customer_order_status_id, customer_order_date) VALUES (36, 1, 0, 2, '2022-02-04');
INSERT INTO customers_orders (sku_id, sku_amount, defected_sku_amount, customer_order_status_id, customer_order_date) VALUES (45, 1, 0, 2, '2022-02-07');
INSERT INTO customers_orders (sku_id, sku_amount, defected_sku_amount, customer_order_status_id, customer_order_date) VALUES (46, 1, 0, 2, '2022-02-07');
INSERT INTO customers_orders (sku_id, sku_amount, defected_sku_amount, customer_order_status_id, customer_order_date) VALUES (55, 1, 0, 1, '2022-02-07');
INSERT INTO customers_orders (sku_id, sku_amount, defected_sku_amount, customer_order_status_id, customer_order_date) VALUES (71, 1, 0, 2, '2022-02-11');
INSERT INTO customers_orders (sku_id, sku_amount, defected_sku_amount, customer_order_status_id, customer_order_date) VALUES (81, 1, 0, 2, '2022-02-11');
INSERT INTO customers_orders (sku_id, sku_amount, defected_sku_amount, customer_order_status_id, customer_order_date) VALUES (86, 1, 0, 1, '2022-02-11');
INSERT INTO customers_orders (sku_id, sku_amount, defected_sku_amount, customer_order_status_id, customer_order_date) VALUES (94, 1, 0, 1, '2022-02-11');
INSERT INTO customers_orders (sku_id, sku_amount, defected_sku_amount, customer_order_status_id, customer_order_date) VALUES (99, 1, 0, 2, '2022-02-11');
INSERT INTO customers_orders (sku_id, sku_amount, defected_sku_amount, customer_order_status_id, customer_order_date) VALUES (100, 1, 0, 2, '2022-02-16');
INSERT INTO customers_orders (sku_id, sku_amount, defected_sku_amount, customer_order_status_id, customer_order_date) VALUES (102, 1, 0, 1, '2022-02-16');
INSERT INTO customers_orders (sku_id, sku_amount, defected_sku_amount, customer_order_status_id, customer_order_date) VALUES (108, 1, 0, 2, '2022-02-16');
INSERT INTO customers_orders (sku_id, sku_amount, defected_sku_amount, customer_order_status_id, customer_order_date) VALUES (117, 1, 0, 2, '2022-02-16');
INSERT INTO customers_orders (sku_id, sku_amount, defected_sku_amount, customer_order_status_id, customer_order_date) VALUES (120, 1, 0, 1, '2022-02-16');
INSERT INTO customers_orders (sku_id, sku_amount, defected_sku_amount, customer_order_status_id, customer_order_date) VALUES (125, 1, 0, 2, '2022-02-21');
INSERT INTO customers_orders (sku_id, sku_amount, defected_sku_amount, customer_order_status_id, customer_order_date) VALUES (134, 1, 0, 2, '2022-02-21');
INSERT INTO customers_orders (sku_id, sku_amount, defected_sku_amount, customer_order_status_id, customer_order_date) VALUES (139, 1, 0, 2, '2022-02-21');
INSERT INTO customers_orders (sku_id, sku_amount, defected_sku_amount, customer_order_status_id, customer_order_date) VALUES (140, 1, 0, 2, '2022-02-21');

INSERT INTO inventory_reports (inventory_report_date, sku_id, sku_amount) VALUES ('2022-02-01', 1, 5);
INSERT INTO inventory_reports (inventory_report_date, sku_id, sku_amount) VALUES ('2022-02-01', 2, 12);
INSERT INTO inventory_reports (inventory_report_date, sku_id, sku_amount) VALUES ('2022-02-01', 3, 6);
INSERT INTO inventory_reports (inventory_report_date, sku_id, sku_amount) VALUES ('2022-02-01', 4, 25);
INSERT INTO inventory_reports (inventory_report_date, sku_id, sku_amount) VALUES ('2022-02-01', 7, 13);
INSERT INTO inventory_reports (inventory_report_date, sku_id, sku_amount) VALUES ('2022-02-01', 8, 5);
INSERT INTO inventory_reports (inventory_report_date, sku_id, sku_amount) VALUES ('2022-02-01', 12, 8);
INSERT INTO inventory_reports (inventory_report_date, sku_id, sku_amount) VALUES ('2022-02-01', 16, 9);
INSERT INTO inventory_reports (inventory_report_date, sku_id, sku_amount) VALUES ('2022-02-01', 20, 10);
INSERT INTO inventory_reports (inventory_report_date, sku_id, sku_amount) VALUES ('2022-02-01', 21, 8);
INSERT INTO inventory_reports (inventory_report_date, sku_id, sku_amount) VALUES ('2022-02-01', 22, 10);
INSERT INTO inventory_reports (inventory_report_date, sku_id, sku_amount) VALUES ('2022-02-01', 31, 10);
INSERT INTO inventory_reports (inventory_report_date, sku_id, sku_amount) VALUES ('2022-02-01', 36, 11);
INSERT INTO inventory_reports (inventory_report_date, sku_id, sku_amount) VALUES ('2022-02-01', 38, 10);
INSERT INTO inventory_reports (inventory_report_date, sku_id, sku_amount) VALUES ('2022-02-01', 41, 10);
INSERT INTO inventory_reports (inventory_report_date, sku_id, sku_amount) VALUES ('2022-02-01', 45, 7);
INSERT INTO inventory_reports (inventory_report_date, sku_id, sku_amount) VALUES ('2022-02-01', 50, 10);
INSERT INTO inventory_reports (inventory_report_date, sku_id, sku_amount) VALUES ('2022-02-01', 52, 10);
INSERT INTO inventory_reports (inventory_report_date, sku_id, sku_amount) VALUES ('2022-02-01', 56, 15);
INSERT INTO inventory_reports (inventory_report_date, sku_id, sku_amount) VALUES ('2022-02-01', 71, 8);
INSERT INTO inventory_reports (inventory_report_date, sku_id, sku_amount) VALUES ('2022-02-01', 81, 7);
INSERT INTO inventory_reports (inventory_report_date, sku_id, sku_amount) VALUES ('2022-02-01', 90, 10);
INSERT INTO inventory_reports (inventory_report_date, sku_id, sku_amount) VALUES ('2022-02-01', 92, 10);
INSERT INTO inventory_reports (inventory_report_date, sku_id, sku_amount) VALUES ('2022-02-01', 96, 12);
INSERT INTO inventory_reports (inventory_report_date, sku_id, sku_amount) VALUES ('2022-02-01', 99, 14);
INSERT INTO inventory_reports (inventory_report_date, sku_id, sku_amount) VALUES ('2022-02-01', 100, 10);
INSERT INTO inventory_reports (inventory_report_date, sku_id, sku_amount) VALUES ('2022-02-01', 101, 8);
INSERT INTO inventory_reports (inventory_report_date, sku_id, sku_amount) VALUES ('2022-02-01', 103, 10);
INSERT INTO inventory_reports (inventory_report_date, sku_id, sku_amount) VALUES ('2022-02-01', 105, 7);
INSERT INTO inventory_reports (inventory_report_date, sku_id, sku_amount) VALUES ('2022-02-01', 107, 12);
INSERT INTO inventory_reports (inventory_report_date, sku_id, sku_amount) VALUES ('2022-02-01', 108, 6);
INSERT INTO inventory_reports (inventory_report_date, sku_id, sku_amount) VALUES ('2022-02-01', 117, 10);
INSERT INTO inventory_reports (inventory_report_date, sku_id, sku_amount) VALUES ('2022-02-01', 119, 8);
INSERT INTO inventory_reports (inventory_report_date, sku_id, sku_amount) VALUES ('2022-02-01', 122, 10);
INSERT INTO inventory_reports (inventory_report_date, sku_id, sku_amount) VALUES ('2022-02-01', 126, 14);
INSERT INTO inventory_reports (inventory_report_date, sku_id, sku_amount) VALUES ('2022-02-01', 127, 10);
INSERT INTO inventory_reports (inventory_report_date, sku_id, sku_amount) VALUES ('2022-02-01', 128, 9);
INSERT INTO inventory_reports (inventory_report_date, sku_id, sku_amount) VALUES ('2022-02-01', 134, 8);
INSERT INTO inventory_reports (inventory_report_date, sku_id, sku_amount) VALUES ('2022-02-01', 139, 14);
INSERT INTO inventory_reports (inventory_report_date, sku_id, sku_amount) VALUES ('2022-02-01', 140, 8);
INSERT INTO inventory_reports (inventory_report_date, sku_id, sku_amount) VALUES ('2022-03-01', 1, 14);
INSERT INTO inventory_reports (inventory_report_date, sku_id, sku_amount) VALUES ('2022-03-01', 2, 10);
INSERT INTO inventory_reports (inventory_report_date, sku_id, sku_amount) VALUES ('2022-03-01', 3, 5);
INSERT INTO inventory_reports (inventory_report_date, sku_id, sku_amount) VALUES ('2022-03-01', 4, 25);
INSERT INTO inventory_reports (inventory_report_date, sku_id, sku_amount) VALUES ('2022-03-01', 7, 13);
INSERT INTO inventory_reports (inventory_report_date, sku_id, sku_amount) VALUES ('2022-03-01', 8, 4);
INSERT INTO inventory_reports (inventory_report_date, sku_id, sku_amount) VALUES ('2022-03-01', 12, 8);
INSERT INTO inventory_reports (inventory_report_date, sku_id, sku_amount) VALUES ('2022-03-01', 16, 18);
INSERT INTO inventory_reports (inventory_report_date, sku_id, sku_amount) VALUES ('2022-03-01', 20, 10);
INSERT INTO inventory_reports (inventory_report_date, sku_id, sku_amount) VALUES ('2022-03-01', 21, 8);
INSERT INTO inventory_reports (inventory_report_date, sku_id, sku_amount) VALUES ('2022-03-01', 22, 9);
INSERT INTO inventory_reports (inventory_report_date, sku_id, sku_amount) VALUES ('2022-03-01', 31, 10);
INSERT INTO inventory_reports (inventory_report_date, sku_id, sku_amount) VALUES ('2022-03-01', 33, 12);
INSERT INTO inventory_reports (inventory_report_date, sku_id, sku_amount) VALUES ('2022-03-01', 36, 10);
INSERT INTO inventory_reports (inventory_report_date, sku_id, sku_amount) VALUES ('2022-03-01', 38, 10);
INSERT INTO inventory_reports (inventory_report_date, sku_id, sku_amount) VALUES ('2022-03-01', 41, 10);
INSERT INTO inventory_reports (inventory_report_date, sku_id, sku_amount) VALUES ('2022-03-01', 45, 6);
INSERT INTO inventory_reports (inventory_report_date, sku_id, sku_amount) VALUES ('2022-03-01', 46, 5);
INSERT INTO inventory_reports (inventory_report_date, sku_id, sku_amount) VALUES ('2022-03-01', 50, 10);
INSERT INTO inventory_reports (inventory_report_date, sku_id, sku_amount) VALUES ('2022-03-01', 52, 10);
INSERT INTO inventory_reports (inventory_report_date, sku_id, sku_amount) VALUES ('2022-03-01', 56, 15);
INSERT INTO inventory_reports (inventory_report_date, sku_id, sku_amount) VALUES ('2022-03-01', 59, 10);
INSERT INTO inventory_reports (inventory_report_date, sku_id, sku_amount) VALUES ('2022-03-01', 71, 7);
INSERT INTO inventory_reports (inventory_report_date, sku_id, sku_amount) VALUES ('2022-03-01', 73, 10);
INSERT INTO inventory_reports (inventory_report_date, sku_id, sku_amount) VALUES ('2022-03-01', 81, 6);
INSERT INTO inventory_reports (inventory_report_date, sku_id, sku_amount) VALUES ('2022-03-01', 90, 10);
INSERT INTO inventory_reports (inventory_report_date, sku_id, sku_amount) VALUES ('2022-03-01', 92, 10);
INSERT INTO inventory_reports (inventory_report_date, sku_id, sku_amount) VALUES ('2022-03-01', 96, 12);
INSERT INTO inventory_reports (inventory_report_date, sku_id, sku_amount) VALUES ('2022-03-01', 99, 13);
INSERT INTO inventory_reports (inventory_report_date, sku_id, sku_amount) VALUES ('2022-03-01', 100, 9);
INSERT INTO inventory_reports (inventory_report_date, sku_id, sku_amount) VALUES ('2022-03-01', 101, 8);
INSERT INTO inventory_reports (inventory_report_date, sku_id, sku_amount) VALUES ('2022-03-01', 103, 10);
INSERT INTO inventory_reports (inventory_report_date, sku_id, sku_amount) VALUES ('2022-03-01', 105, 7);
INSERT INTO inventory_reports (inventory_report_date, sku_id, sku_amount) VALUES ('2022-03-01', 107, 12);
INSERT INTO inventory_reports (inventory_report_date, sku_id, sku_amount) VALUES ('2022-03-01', 108, 5);
INSERT INTO inventory_reports (inventory_report_date, sku_id, sku_amount) VALUES ('2022-03-01', 114, 12);
INSERT INTO inventory_reports (inventory_report_date, sku_id, sku_amount) VALUES ('2022-03-01', 117, 9);
INSERT INTO inventory_reports (inventory_report_date, sku_id, sku_amount) VALUES ('2022-03-01', 119, 8);
INSERT INTO inventory_reports (inventory_report_date, sku_id, sku_amount) VALUES ('2022-03-01', 122, 10);
INSERT INTO inventory_reports (inventory_report_date, sku_id, sku_amount) VALUES ('2022-03-01', 125, 9);
INSERT INTO inventory_reports (inventory_report_date, sku_id, sku_amount) VALUES ('2022-03-01', 126, 14);
INSERT INTO inventory_reports (inventory_report_date, sku_id, sku_amount) VALUES ('2022-03-01', 127, 10);
INSERT INTO inventory_reports (inventory_report_date, sku_id, sku_amount) VALUES ('2022-03-01', 128, 9);
INSERT INTO inventory_reports (inventory_report_date, sku_id, sku_amount) VALUES ('2022-03-01', 129, 8);
INSERT INTO inventory_reports (inventory_report_date, sku_id, sku_amount) VALUES ('2022-03-01', 134, 7);
INSERT INTO inventory_reports (inventory_report_date, sku_id, sku_amount) VALUES ('2022-03-01', 136, 10);
INSERT INTO inventory_reports (inventory_report_date, sku_id, sku_amount) VALUES ('2022-03-01', 139, 21);
INSERT INTO inventory_reports (inventory_report_date, sku_id, sku_amount) VALUES ('2022-03-01', 140, 13);

INSERT INTO overheads (overhead_name, overhead_cost) VALUES ('Оренда приміщення', 6000);
INSERT INTO overheads (overhead_name, overhead_cost) VALUES ('Заробітна плата', 7000);
INSERT INTO overheads (overhead_name, overhead_cost) VALUES ('Офісне обладнання', 1300);
INSERT INTO overheads (overhead_name, overhead_cost) VALUES ('Ділові поїздки', 2500);